,stacked,name,annoline1,annoline3,objectid,annoangle,annoline2,borough,geometry,voronoi_polygon,neighbours
0,2,High  Bridge,High,,20,0.0,Bridge,Bronx,"POLYGON ((-73.93674487650678 40.82802997548876, -73.94171908681987 40.83704167572478, -73.92922188136619 40.84587357606375, -73.92284838204289 40.84223853302289, -73.92013589856967 40.83864359657513, -73.92212474199364 40.8297054826358, -73.93026241190269 40.82265829911985, -73.93674487650678 40.82802997548876))","POLYGON ((-73.93674487650678 40.82802997548876, -73.94171908681987 40.83704167572478, -73.92922188136619 40.84587357606375, -73.92284838204289 40.84223853302289, -73.92013589856967 40.83864359657513, -73.92212474199364 40.8297054826358, -73.93026241190269 40.82265829911985, -73.93674487650678 40.82802997548876))","[27, 29, 31]"
1,1,Bay Ridge,Bay Ridge,,47,0.0,,Brooklyn,"POLYGON ((-74.05398561017704 40.63793534592013, -74.04551320994734 40.65946140288281, -74.04216563795629 40.65827625276506, -74.01858642027221 40.63347222771785, -74.02659962525225 40.61970586316007, -74.05078368131431 40.62268357184416, -74.0529176544982 40.63065021489123, -74.05399614002772 40.63749341281335, -74.05398561017704 40.63793534592013))","POLYGON ((-74.05398561017704 40.63793534592013, -74.04551320994734 40.65946140288281, -74.04216563795629 40.65827625276506, -74.01858642027221 40.63347222771785, -74.02659962525225 40.61970586316007, -74.05078368131431 40.62268357184416, -74.0529176544982 40.63065021489123, -74.05399614002772 40.63749341281335, -74.05398561017704 40.63793534592013))",[2]
2,2,Sunset Park,Sunset,,49,0.0,Park,Brooklyn,"POLYGON ((-74.01858642027221 40.63347222771785, -74.04216563795629 40.65827625276506, -74.0053657674966 40.6611620802032, -73.99745975304116 40.65680834021959, -73.99479806864024 40.65001128627615, -73.99497057573802 40.64811597939753, -74.00638046090654 40.62922921487366, -74.01858642027221 40.63347222771785))","POLYGON ((-74.01858642027221 40.63347222771785, -74.04216563795629 40.65827625276506, -74.0053657674966 40.6611620802032, -73.99745975304116 40.65680834021959, -73.99479806864024 40.65001128627615, -73.99497057573802 40.64811597939753, -74.00638046090654 40.62922921487366, -74.01858642027221 40.63347222771785))","[1, 7, 8, 15]"
3,1,Greenpoint,Greenpoint,,50,0.0,,Brooklyn,"POLYGON ((-73.94424872211781 40.73653064666704, -73.94015644847454 40.72387686806311, -73.94634829466413 40.71948930225722, -73.96437832679615 40.72484463841548, -73.96388491400762 40.73708513092959, -73.94424872211781 40.73653064666704))","POLYGON ((-73.94424872211781 40.73653064666704, -73.94015644847454 40.72387686806311, -73.94634829466413 40.71948930225722, -73.96437832679615 40.72484463841548, -73.96388491400762 40.73708513092959, -73.94424872211781 40.73653064666704))","[23, 24, 73, 76]"
5,1,Flatbush,Flatbush,,55,0.0,,Brooklyn,"POLYGON ((-73.97200876450981 40.62990868679947, -73.97026529922496 40.63624797780903, -73.94845545005528 40.64399955600944, -73.94552907873756 40.63189733112583, -73.97200876450981 40.62990868679947))","POLYGON ((-73.97200876450981 40.62990868679947, -73.97026529922496 40.63624797780903, -73.94845545005528 40.64399955600944, -73.94552907873756 40.63189733112583, -73.97200876450981 40.62990868679947))",[7]
6,2,Crown Heights,Crown,,56,0.0,Heights,Brooklyn,"POLYGON ((-73.93880972363543 40.67868800555691, -73.93554301005751 40.66878853081312, -73.94638616652571 40.66209082957076, -73.95507706113752 40.67022025895594, -73.95237790910026 40.67993402878727, -73.93880972363543 40.67868800555691))","POLYGON ((-73.93880972363543 40.67868800555691, -73.93554301005751 40.66878853081312, -73.94638616652571 40.66209082957076, -73.95507706113752 40.67022025895594, -73.95237790910026 40.67993402878727, -73.93880972363543 40.67868800555691))","[9, 11, 20, 79]"
7,1,Kensington,Kensington,,58,0.0,,Brooklyn,"POLYGON ((-73.97573893364475 40.62716793794388, -73.99497057573802 40.64811597939753, -73.99479806864024 40.65001128627615, -73.97276159128559 40.64948518245938, -73.97059052305349 40.6411287496888, -73.97026529922496 40.63624797780903, -73.97200876450981 40.62990868679947, -73.97328131056553 40.62817826447729, -73.97573893364475 40.62716793794388))","POLYGON ((-73.97573893364475 40.62716793794388, -73.99497057573802 40.64811597939753, -73.99479806864024 40.65001128627615, -73.97276159128559 40.64948518245938, -73.97059052305349 40.6411287496888, -73.97026529922496 40.63624797780903, -73.97200876450981 40.62990868679947, -73.97328131056553 40.62817826447729, -73.97573893364475 40.62716793794388))","[2, 5, 8, 22]"
8,2,Windsor Terrace,Windsor,,59,0.0,Terrace,Brooklyn,"POLYGON ((-73.99479806864024 40.65001128627615, -73.99745975304116 40.65680834021959, -73.98638958208778 40.66617233425586, -73.96776875677064 40.66251094829578, -73.96754293843719 40.65865462834756, -73.97276159128559 40.64948518245938, -73.99479806864024 40.65001128627615))","POLYGON ((-73.99479806864024 40.65001128627615, -73.99745975304116 40.65680834021959, -73.98638958208778 40.66617233425586, -73.96776875677064 40.66251094829578, -73.96754293843719 40.65865462834756, -73.97276159128559 40.64948518245938, -73.99479806864024 40.65001128627615))","[2, 7, 15, 16, 20, 22]"
9,2,Prospect Heights,Prospect,,60,0.0,Heights,Brooklyn,"POLYGON ((-73.95237790910026 40.67993402878727, -73.95507706113752 40.67022025895594, -73.9669708168841 40.66378253301205, -73.9729217170223 40.67989803120539, -73.96514277504146 40.68524559856705, -73.95556023871417 40.68698828650058, -73.95237790910026 40.67993402878727))","POLYGON ((-73.95237790910026 40.67993402878727, -73.95507706113752 40.67022025895594, -73.9669708168841 40.66378253301205, -73.9729217170223 40.67989803120539, -73.96514277504146 40.68524559856705, -73.95556023871417 40.68698828650058, -73.95237790910026 40.67993402878727))","[6, 11, 16, 17, 20]"
10,1,Bushwick,Bushwick,,63,0.0,,Brooklyn,"POLYGON ((-73.90949747199389 40.69423599438405, -73.92350458962932 40.68557484949351, -73.92979234411939 40.68701165351585, -73.93660100250833 40.69734984753821, -73.92009885261835 40.71897915353611, -73.90949747199389 40.69423599438405))","POLYGON ((-73.90949747199389 40.69423599438405, -73.92350458962932 40.68557484949351, -73.92979234411939 40.68701165351585, -73.93660100250833 40.69734984753821, -73.92009885261835 40.71897915353611, -73.90949747199389 40.69423599438405))","[11, 21, 23, 60, 79]"
11,1,Bedford Stuyvesant,Bedford Stuyvesant,,64,0.0,,Brooklyn,"POLYGON ((-73.92979234411939 40.68701165351585, -73.93880972363543 40.67868800555691, -73.95237790910026 40.67993402878727, -73.95556023871417 40.68698828650058, -73.95397169397999 40.69388989698422, -73.94786243202769 40.69890008115413, -73.93660100250833 40.69734984753821, -73.92979234411939 40.68701165351585))","POLYGON ((-73.92979234411939 40.68701165351585, -73.93880972363543 40.67868800555691, -73.95237790910026 40.67993402878727, -73.95556023871417 40.68698828650058, -73.95397169397999 40.69388989698422, -73.94786243202769 40.69890008115413, -73.93660100250833 40.69734984753821, -73.92979234411939 40.68701165351585))","[6, 9, 10, 17, 23, 79]"
12,2,Brooklyn Heights,Brooklyn,,65,0.0,Heights,Brooklyn,"POLYGON ((-73.99101460670967 40.68878912362045, -74.00495330451432 40.69717469102751, -73.99217797148667 40.70014620606156, -73.98703825134491 40.69661122079827, -73.99061099174108 40.68926682376047, -73.99101460670967 40.68878912362045))","POLYGON ((-73.99101460670967 40.68878912362045, -74.00495330451432 40.69717469102751, -73.99217797148667 40.70014620606156, -73.98703825134491 40.69661122079827, -73.99061099174108 40.68926682376047, -73.99101460670967 40.68878912362045))","[13, 18, 19, 80]"
13,2,Cobble Hill,Cobble,,66,0.0,Hill,Brooklyn,"POLYGON ((-74.01365168776323 40.69181176823549, -74.00510314413047 40.69720447946757, -74.00495330451432 40.69717469102751, -73.99101460670967 40.68878912362045, -73.99130067442066 40.68247006740641, -74.01105568561397 40.68865255344536, -74.01365168776323 40.69181176823549))","POLYGON ((-74.01365168776323 40.69181176823549, -74.00510314413047 40.69720447946757, -74.00495330451432 40.69717469102751, -73.99101460670967 40.68878912362045, -73.99130067442066 40.68247006740641, -74.01105568561397 40.68865255344536, -74.01365168776323 40.69181176823549))","[12, 14, 19, 54]"
14,2,Carroll Gardens,Carroll,,67,0.0,Gardens,Brooklyn,"POLYGON ((-74.01105568561397 40.68865255344536, -73.99130067442066 40.68247006740641, -73.9912952424355 40.68245221185008, -74.00381489786234 40.67339632868654, -74.01105568561397 40.68865255344536))","POLYGON ((-74.01105568561397 40.68865255344536, -73.99130067442066 40.68247006740641, -73.9912952424355 40.68245221185008, -74.00381489786234 40.67339632868654, -74.01105568561397 40.68865255344536))","[13, 15, 19]"
15,1,Gowanus,Gowanus,,69,0.0,,Brooklyn,"POLYGON ((-74.00381489786234 40.67339632868654, -73.9912952424355 40.68245221185008, -73.98533255182178 40.6775855494521, -73.98638958208778 40.66617233425586, -73.99745975304116 40.65680834021959, -74.0053657674966 40.6611620802032, -74.00381489786234 40.67339632868654))","POLYGON ((-74.00381489786234 40.67339632868654, -73.9912952424355 40.68245221185008, -73.98533255182178 40.6775855494521, -73.98638958208778 40.66617233425586, -73.99745975304116 40.65680834021959, -74.0053657674966 40.6611620802032, -74.00381489786234 40.67339632868654))","[2, 8, 14, 16, 19]"
16,2,Park Slope,Park,,71,0.0,Slope,Brooklyn,"POLYGON ((-73.96776875677064 40.66251094829578, -73.98638958208778 40.66617233425586, -73.98533255182178 40.6775855494521, -73.97741771754299 40.68104779596118, -73.9729217170223 40.67989803120539, -73.9669708168841 40.66378253301205, -73.96776875677064 40.66251094829578))","POLYGON ((-73.96776875677064 40.66251094829578, -73.98638958208778 40.66617233425586, -73.98533255182178 40.6775855494521, -73.97741771754299 40.68104779596118, -73.9729217170223 40.67989803120539, -73.9669708168841 40.66378253301205, -73.96776875677064 40.66251094829578))","[8, 9, 15, 19, 20]"
17,2,Clinton Hill,Clinton,,85,0.0,Hill,Brooklyn,"POLYGON ((-73.96514277504146 40.68524559856705, -73.97304499654994 40.69375369196707, -73.96330237222425 40.70041284897736, -73.95397169397999 40.69388989698422, -73.95556023871417 40.68698828650058, -73.96514277504146 40.68524559856705))","POLYGON ((-73.96514277504146 40.68524559856705, -73.97304499654994 40.69375369196707, -73.96330237222425 40.70041284897736, -73.95397169397999 40.69388989698422, -73.95556023871417 40.68698828650058, -73.96514277504146 40.68524559856705))","[9, 11]"
18,2,Downtown,Down-,,87,0.0,town,Brooklyn,"POLYGON ((-73.99061099174108 40.68926682376047, -73.98703825134491 40.69661122079827, -73.9848262778883 40.69755995533615, -73.97861178527276 40.69639084749341, -73.97718034220168 40.69426192212046, -73.97836142769921 40.68887963844619, -73.99061099174108 40.68926682376047))","POLYGON ((-73.99061099174108 40.68926682376047, -73.98703825134491 40.69661122079827, -73.9848262778883 40.69755995533615, -73.97861178527276 40.69639084749341, -73.97718034220168 40.69426192212046, -73.97836142769921 40.68887963844619, -73.99061099174108 40.68926682376047))","[12, 19, 80]"
19,2,Boerum Hill,Boerum,,88,0.0,Hill,Brooklyn,"POLYGON ((-73.9912952424355 40.68245221185008, -73.99130067442066 40.68247006740641, -73.99101460670967 40.68878912362045, -73.99061099174108 40.68926682376047, -73.97836142769921 40.68887963844619, -73.97741771754299 40.68104779596118, -73.98533255182178 40.6775855494521, -73.9912952424355 40.68245221185008))","POLYGON ((-73.9912952424355 40.68245221185008, -73.99130067442066 40.68247006740641, -73.99101460670967 40.68878912362045, -73.99061099174108 40.68926682376047, -73.97836142769921 40.68887963844619, -73.97741771754299 40.68104779596118, -73.98533255182178 40.6775855494521, -73.9912952424355 40.68245221185008))","[12, 13, 14, 15, 16, 18]"
20,3,Prospect Lefferts Gardens,Prospect,Gardens,89,0.0,Lefferts,Brooklyn,"POLYGON ((-73.94638616652571 40.66209082957076, -73.94478599174373 40.65087310472793, -73.94821890999036 40.64700982269954, -73.9536479816676 40.64926117447126, -73.96754293843719 40.65865462834756, -73.96776875677064 40.66251094829578, -73.9669708168841 40.66378253301205, -73.95507706113752 40.67022025895594, -73.94638616652571 40.66209082957076))","POLYGON ((-73.94638616652571 40.66209082957076, -73.94478599174373 40.65087310472793, -73.94821890999036 40.64700982269954, -73.9536479816676 40.64926117447126, -73.96754293843719 40.65865462834756, -73.96776875677064 40.66251094829578, -73.9669708168841 40.66378253301205, -73.95507706113752 40.67022025895594, -73.94638616652571 40.66209082957076))","[6, 8, 9, 16, 22]"
21,2,Ocean Hill,Ocean,,90,0.0,Hill,Brooklyn,"POLYGON ((-73.90734478159219 40.69339902745827, -73.90854501297571 40.67178523966869, -73.92040167818192 40.66946113289031, -73.92350458962932 40.68557484949351, -73.90949747199389 40.69423599438405, -73.90734478159219 40.69339902745827))","POLYGON ((-73.90734478159219 40.69339902745827, -73.90854501297571 40.67178523966869, -73.92040167818192 40.66946113289031, -73.92350458962932 40.68557484949351, -73.90949747199389 40.69423599438405, -73.90734478159219 40.69339902745827))","[10, 60, 79]"
22,2,Prospect Park South,Prospect,,94,0.0,Park South,Brooklyn,"POLYGON ((-73.9536479816676 40.64926117447126, -73.97059052305349 40.6411287496888, -73.97276159128559 40.64948518245938, -73.96754293843719 40.65865462834756, -73.9536479816676 40.64926117447126))","POLYGON ((-73.9536479816676 40.64926117447126, -73.97059052305349 40.6411287496888, -73.97276159128559 40.64948518245938, -73.96754293843719 40.65865462834756, -73.9536479816676 40.64926117447126))","[7, 8, 20]"
23,2,East Williamsburg,East,,97,0.0,Williamsburg,Brooklyn,"POLYGON ((-73.92009885261835 40.71897915353611, -73.93660100250833 40.69734984753821, -73.94786243202769 40.69890008115413, -73.94854916514592 40.70871042904577, -73.94776949488319 40.71501042014793, -73.94634829466413 40.71948930225722, -73.94015644847454 40.72387686806311, -73.92009694147828 40.71940171627823, -73.92009885261835 40.71897915353611))","POLYGON ((-73.92009885261835 40.71897915353611, -73.93660100250833 40.69734984753821, -73.94786243202769 40.69890008115413, -73.94854916514592 40.70871042904577, -73.94776949488319 40.71501042014793, -73.94634829466413 40.71948930225722, -73.94015644847454 40.72387686806311, -73.92009694147828 40.71940171627823, -73.92009885261835 40.71897915353611))","[3, 10, 11, 24, 25, 60]"
24,1,North Side,North Side,,98,0.0,,Brooklyn,"POLYGON ((-73.97055748034943 40.71107507691819, -73.96932694262016 40.72018159651986, -73.96437832679615 40.72484463841548, -73.94634829466413 40.71948930225722, -73.94776949488319 40.71501042014793, -73.96985018409978 40.71050879203931, -73.97055748034943 40.71107507691819))","POLYGON ((-73.97055748034943 40.71107507691819, -73.96932694262016 40.72018159651986, -73.96437832679615 40.72484463841548, -73.94634829466413 40.71948930225722, -73.94776949488319 40.71501042014793, -73.96985018409978 40.71050879203931, -73.97055748034943 40.71107507691819))","[3, 23, 25, 45, 76]"
25,1,South Side,South Side,,99,0.0,,Brooklyn,"POLYGON ((-73.94854916514592 40.70871042904577, -73.9688105446061 40.70933368717238, -73.96985018409978 40.71050879203931, -73.94776949488319 40.71501042014793, -73.94854916514592 40.70871042904577))","POLYGON ((-73.94854916514592 40.70871042904577, -73.9688105446061 40.70933368717238, -73.96985018409978 40.71050879203931, -73.94776949488319 40.71501042014793, -73.94854916514592 40.70871042904577))","[23, 24]"
26,1,Chinatown,Chinatown,,103,0.0,,Manhattan,"POLYGON ((-73.99203808588776 40.70916551183798, -73.99965496000895 40.70992375621292, -73.99980436119948 40.71419516626027, -73.99240221766179 40.72023876389823, -73.98755504489019 40.71653027961553, -73.98673623807062 40.7115204975773, -73.99203808588776 40.70916551183798))","POLYGON ((-73.99203808588776 40.70916551183798, -73.99965496000895 40.70992375621292, -73.99980436119948 40.71419516626027, -73.99240221766179 40.72023876389823, -73.98755504489019 40.71653027961553, -73.98673623807062 40.7115204975773, -73.99203808588776 40.70916551183798))","[45, 47, 69, 70, 80]"
27,2,Washington Heights,Washington,,104,0.0,Heights,Manhattan,"POLYGON ((-74.42294165543591 41.16724317472757, -74.13503237703314 41.00270405372067, -74.06778380876545 40.96070420579262, -73.9542128838161 40.8848047864337, -73.92656249493008 40.85731485528181, -73.92922188136619 40.84587357606375, -73.94171908681987 40.83704167572478, -73.98502787432345 40.85661240255478, -74.16959475523299 40.96473591973229, -74.33845900400516 41.06857122031847, -74.42294165543591 41.16724317472757))","POLYGON ((-74.42294165543591 41.16724317472757, -74.13503237703314 41.00270405372067, -74.06778380876545 40.96070420579262, -73.9542128838161 40.8848047864337, -73.92656249493008 40.85731485528181, -73.92922188136619 40.84587357606375, -73.94171908681987 40.83704167572478, -73.98502787432345 40.85661240255478, -74.16959475523299 40.96473591973229, -74.33845900400516 41.06857122031847, -74.42294165543591 41.16724317472757))","[0, 28, 29, 30, 51]"
28,1,Inwood,Inwood,,105,0.0,,Manhattan,"POLYGON ((-73.91756844044873 40.87406098043316, -73.9109071506026 40.86613460566262, -73.92012182043993 40.85781576952945, -73.92656249493008 40.85731485528181, -73.9542128838161 40.8848047864337, -73.91756844044873 40.87406098043316))","POLYGON ((-73.91756844044873 40.87406098043316, -73.9109071506026 40.86613460566262, -73.92012182043993 40.85781576952945, -73.92656249493008 40.85731485528181, -73.9542128838161 40.8848047864337, -73.91756844044873 40.87406098043316))",[27]
29,2,Hamilton Heights,Hamilton,,106,0.0,Heights,Manhattan,"POLYGON ((-73.95029344453133 40.81652646643838, -73.98502787432345 40.85661240255478, -73.94171908681987 40.83704167572478, -73.93674487650678 40.82802997548876, -73.95029344453133 40.81652646643838))","POLYGON ((-73.95029344453133 40.81652646643838, -73.98502787432345 40.85661240255478, -73.94171908681987 40.83704167572478, -73.93674487650678 40.82802997548876, -73.95029344453133 40.81652646643838))","[0, 27, 30, 31]"
30,2,Manhattanville,Manhattanville,,107,0.0,,Manhattan,"POLYGON ((-73.95029344453133 40.81652646643838, -73.95104090688102 40.80547142621217, -74.16959475523299 40.96473591973229, -73.98502787432345 40.85661240255478, -73.95029344453133 40.81652646643838))","POLYGON ((-73.95029344453133 40.81652646643838, -73.95104090688102 40.80547142621217, -74.16959475523299 40.96473591973229, -73.98502787432345 40.85661240255478, -73.95029344453133 40.81652646643838))","[27, 29, 31, 51]"
31,2,Central Harlem,Central,,108,0.0,Harlem,Manhattan,"POLYGON ((-73.95104090688102 40.80547142621217, -73.95029344453133 40.81652646643838, -73.93674487650678 40.82802997548876, -73.93026241190269 40.82265829911985, -73.9280152994786 40.81567415873609, -73.93233472840363 40.80364773404727, -73.95062636673124 40.80439639205159, -73.95104090688102 40.80547142621217))","POLYGON ((-73.95104090688102 40.80547142621217, -73.95029344453133 40.81652646643838, -73.93674487650678 40.82802997548876, -73.93026241190269 40.82265829911985, -73.9280152994786 40.81567415873609, -73.93233472840363 40.80364773404727, -73.95062636673124 40.80439639205159, -73.95104090688102 40.80547142621217))","[0, 29, 30, 32, 51]"
32,2,East Harlem,East,,109,0.0,Harlem,Manhattan,"POLYGON ((-73.93233472840363 40.80364773404727, -73.92823230259273 40.79541244515652, -73.92533551038005 40.78588561508342, -73.92928050630786 40.7811450661816, -73.94504492075397 40.78398080824471, -73.95465694647392 40.79309784750009, -73.95236065456368 40.80222564643948, -73.95062636673124 40.80439639205159, -73.93233472840363 40.80364773404727))","POLYGON ((-73.93233472840363 40.80364773404727, -73.92823230259273 40.79541244515652, -73.92533551038005 40.78588561508342, -73.92928050630786 40.7811450661816, -73.94504492075397 40.78398080824471, -73.95465694647392 40.79309784750009, -73.95236065456368 40.80222564643948, -73.95062636673124 40.80439639205159, -73.93233472840363 40.80364773404727))","[31, 34, 50, 51, 55, 68]"
33,3,Upper East Side,Upper,Side,110,0.0,East,Manhattan,"POLYGON ((-73.97302649037697 40.77580529472358, -73.96569798792102 40.78589716477712, -73.96375526906242 40.78623593596049, -73.95381756172046 40.77600595317312, -73.95375594777249 40.77317360184541, -73.9701810587853 40.76957700925109, -73.97253703975387 40.77004465591204, -73.97302649037697 40.77580529472358))","POLYGON ((-73.97302649037697 40.77580529472358, -73.96569798792102 40.78589716477712, -73.96375526906242 40.78623593596049, -73.95381756172046 40.77600595317312, -73.95375594777249 40.77317360184541, -73.9701810587853 40.76957700925109, -73.97253703975387 40.77004465591204, -73.97302649037697 40.77580529472358))","[34, 35, 37, 38, 50, 68, 72]"
34,2,Yorkville,York-,,111,0.0,ville,Manhattan,"POLYGON ((-73.95381756172046 40.77600595317312, -73.94504492075397 40.78398080824471, -73.92928050630786 40.7811450661816, -73.92970301637827 40.7793537388288, -73.94029924923069 40.76777614943349, -73.95145433972588 40.76971646241643, -73.95375594777249 40.77317360184541, -73.95381756172046 40.77600595317312))","POLYGON ((-73.95381756172046 40.77600595317312, -73.94504492075397 40.78398080824471, -73.92928050630786 40.7811450661816, -73.92970301637827 40.7793537388288, -73.94029924923069 40.76777614943349, -73.95145433972588 40.76971646241643, -73.95375594777249 40.77317360184541, -73.95381756172046 40.77600595317312))","[32, 33, 35, 36, 55, 64, 68]"
35,2,Lenox Hill,Lenox,,112,0.0,Hill,Manhattan,"POLYGON ((-73.9701810587853 40.76957700925109, -73.95375594777249 40.77317360184541, -73.95145433972588 40.76971646241643, -73.95651990264444 40.76138544941205, -73.9701810587853 40.76957700925109))","POLYGON ((-73.9701810587853 40.76957700925109, -73.95375594777249 40.77317360184541, -73.95145433972588 40.76971646241643, -73.95651990264444 40.76138544941205, -73.9701810587853 40.76957700925109))","[33, 34, 36, 72]"
36,1,Roosevelt Island,Roosevelt Island,,113,56.0,,Manhattan,"POLYGON ((-73.95651990264444 40.76138544941205, -73.95145433972588 40.76971646241643, -73.94029924923069 40.76777614943349, -73.94062504266751 40.75943775996563, -73.94908390786532 40.75231025984464, -73.95537129614505 40.75376616960276, -73.95651990264444 40.76138544941205))","POLYGON ((-73.95651990264444 40.76138544941205, -73.95145433972588 40.76971646241643, -73.94029924923069 40.76777614943349, -73.94062504266751 40.75943775996563, -73.94908390786532 40.75231025984464, -73.95537129614505 40.75376616960276, -73.95651990264444 40.76138544941205))","[34, 35, 59, 64, 72, 73]"
37,3,Upper West Side,Upper,Side,114,0.0,West,Manhattan,"POLYGON ((-74.24686340651417 40.94463193352469, -74.28932908582381 41.00415470274183, -73.97876006351464 40.80318827416504, -73.96569798792102 40.78589716477712, -73.97302649037697 40.77580529472358, -74.13344951344727 40.86980042160405, -74.24686340651417 40.94463193352469))","POLYGON ((-74.24686340651417 40.94463193352469, -74.28932908582381 41.00415470274183, -73.97876006351464 40.80318827416504, -73.96569798792102 40.78589716477712, -73.97302649037697 40.77580529472358, -74.13344951344727 40.86980042160405, -74.24686340651417 40.94463193352469))","[33, 38, 39, 50, 51]"
38,2,Lincoln Square,Lincoln,,115,0.0,Square,Manhattan,"POLYGON ((-74.13344951344727 40.86980042160405, -73.97302649037697 40.77580529472358, -73.97253703975387 40.77004465591204, -73.97515815928175 40.76573533765731, -73.98734551476042 40.76336166660411, -74.13344951344727 40.86980042160405))","POLYGON ((-74.13344951344727 40.86980042160405, -73.97302649037697 40.77580529472358, -73.97253703975387 40.77004465591204, -73.97515815928175 40.76573533765731, -73.98734551476042 40.76336166660411, -74.13344951344727 40.86980042160405))","[33, 37, 39, 40, 72]"
39,1,Clinton,Clinton,,116,0.0,,Manhattan,"POLYGON ((-74.2065353190869 40.88078833607471, -74.24686340651417 40.94463193352469, -74.13344951344727 40.86980042160405, -73.98734551476042 40.76336166660411, -73.9891400114802 40.75610066031368, -73.99704477140192 40.74990935071275, -74.17498525954335 40.8333936894524, -74.2065353190869 40.88078833607471))","POLYGON ((-74.2065353190869 40.88078833607471, -74.24686340651417 40.94463193352469, -74.13344951344727 40.86980042160405, -73.98734551476042 40.76336166660411, -73.9891400114802 40.75610066031368, -73.99704477140192 40.74990935071275, -74.17498525954335 40.8333936894524, -74.2065353190869 40.88078833607471))","[37, 38, 40, 42, 71]"
40,1,Midtown,Midtown,,117,0.0,,Manhattan,"POLYGON ((-73.98734551476042 40.76336166660411, -73.97515815928175 40.76573533765731, -73.97341414649121 40.76008361737514, -73.97449794222454 40.75437129472455, -73.98349745029532 40.74967045385784, -73.9891400114802 40.75610066031368, -73.98734551476042 40.76336166660411))","POLYGON ((-73.98734551476042 40.76336166660411, -73.97515815928175 40.76573533765731, -73.97341414649121 40.76008361737514, -73.97449794222454 40.75437129472455, -73.98349745029532 40.74967045385784, -73.9891400114802 40.75610066031368, -73.98734551476042 40.76336166660411))","[38, 39, 41, 71, 72, 74]"
41,2,Murray Hill,Murray,,118,0.0,Hill,Manhattan,"POLYGON ((-73.98361450758088 40.74378829474838, -73.98349745029532 40.74967045385784, -73.97449794222454 40.75437129472455, -73.97382886740205 40.75247036295006, -73.97593097102711 40.74168001349926, -73.98361450758088 40.74378829474838))","POLYGON ((-73.98361450758088 40.74378829474838, -73.98349745029532 40.74967045385784, -73.97449794222454 40.75437129472455, -73.97382886740205 40.75247036295006, -73.97593097102711 40.74168001349926, -73.98361450758088 40.74378829474838))","[40, 52, 71, 74, 75]"
42,1,Chelsea,Chelsea,,119,0.0,,Manhattan,"POLYGON ((-74.14641188073712 40.78642596753244, -74.17498525954335 40.8333936894524, -73.99704477140192 40.74990935071275, -73.99569806926415 40.74557482407683, -73.99865595593444 40.73732218427612, -74.1285323893829 40.7787663021475, -74.14641188073712 40.78642596753244))","POLYGON ((-74.14641188073712 40.78642596753244, -74.17498525954335 40.8333936894524, -73.99704477140192 40.74990935071275, -73.99569806926415 40.74557482407683, -73.99865595593444 40.73732218427612, -74.1285323893829 40.7787663021475, -74.14641188073712 40.78642596753244))","[39, 49, 53, 71, 77]"
43,2,Greenwich Village,Greenwich,,120,0.0,Village,Manhattan,"POLYGON ((-74.00590659592427 40.72543739565948, -74.00691779672955 40.72744997109264, -73.99786225016885 40.73501446081183, -73.9922613253684 40.73107235498061, -73.99433437736593 40.72459434036965, -73.99627021736913 40.72393048996642, -74.00590659592427 40.72543739565948))","POLYGON ((-74.00590659592427 40.72543739565948, -74.00691779672955 40.72744997109264, -73.99786225016885 40.73501446081183, -73.9922613253684 40.73107235498061, -73.99433437736593 40.72459434036965, -73.99627021736913 40.72393048996642, -74.00590659592427 40.72543739565948))","[46, 47, 48, 49, 69, 77]"
44,2,East Village,East,,121,0.0,Village,Manhattan,"POLYGON ((-73.97588587736581 40.72358148218808, -73.98315783662237 40.72261393402986, -73.98969912664124 40.73146469585812, -73.98754899357661 40.73305024915046, -73.97924709866953 40.73229639161196, -73.97588587736581 40.72358148218808))","POLYGON ((-73.97588587736581 40.72358148218808, -73.98315783662237 40.72261393402986, -73.98969912664124 40.73146469585812, -73.98754899357661 40.73305024915046, -73.97924709866953 40.73229639161196, -73.97588587736581 40.72358148218808))","[45, 52, 69, 76, 77]"
45,3,Lower East Side,Lower,Side,122,0.0,East,Manhattan,"POLYGON ((-73.97190007673761 40.71042227510426, -73.98507468563365 40.71062756801205, -73.98673623807062 40.7115204975773, -73.98755504489019 40.71653027961553, -73.98315783662237 40.72261393402986, -73.97588587736581 40.72358148218808, -73.96932694262016 40.72018159651986, -73.97055748034943 40.71107507691819, -73.97190007673761 40.71042227510426))","POLYGON ((-73.97190007673761 40.71042227510426, -73.98507468563365 40.71062756801205, -73.98673623807062 40.7115204975773, -73.98755504489019 40.71653027961553, -73.98315783662237 40.72261393402986, -73.97588587736581 40.72358148218808, -73.96932694262016 40.72018159651986, -73.97055748034943 40.71107507691819, -73.97190007673761 40.71042227510426))","[24, 26, 44, 69, 76, 80]"
46,1,Tribeca,Tribeca,,123,0.0,,Manhattan,"POLYGON ((-74.01165393916961 40.71535794970598, -74.05804192143611 40.74528052076372, -74.00691779672955 40.72744997109264, -74.00590659592427 40.72543739565948, -74.00557703926063 40.72044499719721, -74.01165393916961 40.71535794970598))","POLYGON ((-74.01165393916961 40.71535794970598, -74.05804192143611 40.74528052076372, -74.00691779672955 40.72744997109264, -74.00590659592427 40.72543739565948, -74.00557703926063 40.72044499719721, -74.01165393916961 40.71535794970598))","[43, 48, 49, 53, 70]"
47,2,Little Italy,Little,,124,0.0,Italy,Manhattan,"POLYGON ((-73.99980436119948 40.71419516626027, -74.0015784928846 40.71770915020731, -73.99627021736913 40.72393048996642, -73.99433437736593 40.72459434036965, -73.99240221766179 40.72023876389823, -73.99980436119948 40.71419516626027))","POLYGON ((-73.99980436119948 40.71419516626027, -74.0015784928846 40.71770915020731, -73.99627021736913 40.72393048996642, -73.99433437736593 40.72459434036965, -73.99240221766179 40.72023876389823, -73.99980436119948 40.71419516626027))","[26, 43, 48, 69, 70]"
48,1,Soho,Soho,,125,0.0,,Manhattan,"POLYGON ((-74.00557703926063 40.72044499719721, -74.00590659592427 40.72543739565948, -73.99627021736913 40.72393048996642, -74.0015784928846 40.71770915020731, -74.00557703926063 40.72044499719721))","POLYGON ((-74.00557703926063 40.72044499719721, -74.00590659592427 40.72543739565948, -73.99627021736913 40.72393048996642, -74.0015784928846 40.71770915020731, -74.00557703926063 40.72044499719721))","[43, 46, 47, 70]"
49,2,West Village,West,,126,0.0,Village,Manhattan,"POLYGON ((-74.05804192143611 40.74528052076372, -74.1285323893829 40.7787663021475, -73.99865595593444 40.73732218427612, -73.99786225016885 40.73501446081183, -74.00691779672955 40.72744997109264, -74.05804192143611 40.74528052076372))","POLYGON ((-74.05804192143611 40.74528052076372, -74.1285323893829 40.7787663021475, -73.99865595593444 40.73732218427612, -73.99786225016885 40.73501446081183, -74.00691779672955 40.72744997109264, -74.05804192143611 40.74528052076372))","[42, 43, 46, 53, 77]"
50,2,Manhattan Valley,Manhattan,,127,0.0,Valley,Manhattan,"POLYGON ((-73.96569798792102 40.78589716477712, -73.97876006351464 40.80318827416504, -73.95236065456368 40.80222564643948, -73.95465694647392 40.79309784750009, -73.96375526906242 40.78623593596049, -73.96569798792102 40.78589716477712))","POLYGON ((-73.96569798792102 40.78589716477712, -73.97876006351464 40.80318827416504, -73.95236065456368 40.80222564643948, -73.95465694647392 40.79309784750009, -73.96375526906242 40.78623593596049, -73.96569798792102 40.78589716477712))","[32, 33, 37, 51, 68]"
51,2,Morningside Heights,Morningside,,128,0.0,Heights,Manhattan,"POLYGON ((-74.16959475523299 40.96473591973229, -73.95104090688102 40.80547142621217, -73.95062636673124 40.80439639205159, -73.95236065456368 40.80222564643948, -73.97876006351464 40.80318827416504, -74.28932908582381 41.00415470274183, -74.33845900400516 41.06857122031847, -74.16959475523299 40.96473591973229))","POLYGON ((-74.16959475523299 40.96473591973229, -73.95104090688102 40.80547142621217, -73.95062636673124 40.80439639205159, -73.95236065456368 40.80222564643948, -73.97876006351464 40.80318827416504, -74.28932908582381 41.00415470274183, -74.33845900400516 41.06857122031847, -74.16959475523299 40.96473591973229))","[27, 30, 31, 32, 37, 50]"
52,1,Gramercy,Gramercy,,129,0.0,,Manhattan,"POLYGON ((-73.98502040627841 40.74287541936018, -73.98361450758088 40.74378829474838, -73.97593097102711 40.74168001349926, -73.97347204856867 40.73910733862112, -73.97924709866953 40.73229639161196, -73.98754899357661 40.73305024915046, -73.98502040627841 40.74287541936018))","POLYGON ((-73.98502040627841 40.74287541936018, -73.98361450758088 40.74378829474838, -73.97593097102711 40.74168001349926, -73.97347204856867 40.73910733862112, -73.97924709866953 40.73229639161196, -73.98754899357661 40.73305024915046, -73.98502040627841 40.74287541936018))","[41, 44, 71, 75, 76, 77]"
53,3,Battery Park City,Battery,City,130,0.0,Park,Manhattan,"POLYGON ((-74.1353377917353 40.76224257940579, -74.14641188073712 40.78642596753244, -74.1285323893829 40.7787663021475, -74.05804192143611 40.74528052076372, -74.01165393916961 40.71535794970598, -74.01099827303896 40.71308007629639, -74.02684298344752 40.69270683782246, -74.0593653901133 40.68896013085126, -74.13062791886422 40.75546838414767, -74.1353377917353 40.76224257940579))","POLYGON ((-74.1353377917353 40.76224257940579, -74.14641188073712 40.78642596753244, -74.1285323893829 40.7787663021475, -74.05804192143611 40.74528052076372, -74.01165393916961 40.71535794970598, -74.01099827303896 40.71308007629639, -74.02684298344752 40.69270683782246, -74.0593653901133 40.68896013085126, -74.13062791886422 40.75546838414767, -74.1353377917353 40.76224257940579))","[42, 46, 49, 54, 70]"
54,2,Financial District,Financial,,131,0.0,District,Manhattan,"POLYGON ((-74.02684298344752 40.69270683782246, -74.01099827303896 40.71308007629639, -74.0024850374944 40.70757690446, -74.00510314413047 40.69720447946757, -74.01365168776323 40.69181176823549, -74.02684298344752 40.69270683782246))","POLYGON ((-74.02684298344752 40.69270683782246, -74.01099827303896 40.71308007629639, -74.0024850374944 40.70757690446, -74.00510314413047 40.69720447946757, -74.01365168776323 40.69181176823549, -74.02684298344752 40.69270683782246))","[13, 53, 70]"
55,1,Astoria,Astoria,,132,0.0,,Queens,"POLYGON ((-73.92928050630786 40.7811450661816, -73.92533551038005 40.78588561508342, -73.91618316608549 40.78521417264485, -73.90475276011907 40.7646114163323, -73.90436871684688 40.76015827567593, -73.91045913025732 40.75636210578536, -73.92034681920505 40.75746051218261, -73.92970301637827 40.7793537388288, -73.92928050630786 40.7811450661816))","POLYGON ((-73.92928050630786 40.7811450661816, -73.92533551038005 40.78588561508342, -73.91618316608549 40.78521417264485, -73.90475276011907 40.7646114163323, -73.90436871684688 40.76015827567593, -73.91045913025732 40.75636210578536, -73.92034681920505 40.75746051218261, -73.92970301637827 40.7793537388288, -73.92928050630786 40.7811450661816))","[32, 34, 62, 64, 78]"
57,2,Forest Hills,Forest,,138,0.0,Hills,Queens,"POLYGON ((-73.84894650662947 40.73505176537757, -73.84112076888042 40.74069773876362, -73.83179322878004 40.73168065907829, -73.83276127026468 40.72317464555541, -73.85417587527789 40.71623345789271, -73.84894650662947 40.73505176537757))","POLYGON ((-73.84894650662947 40.73505176537757, -73.84112076888042 40.74069773876362, -73.83179322878004 40.73168065907829, -73.83276127026468 40.72317464555541, -73.85417587527789 40.71623345789271, -73.84894650662947 40.73505176537757))","[61, 66]"
58,2,Kew Gardens,Kew,,139,0.0,Gardens,Queens,"POLYGON ((-73.84023020075006 40.70418236564273, -73.83003780477371 40.71628853668832, -73.82210750399177 40.71221317539334, -73.81753583135148 40.69786160091576, -73.84023020075006 40.70418236564273))","POLYGON ((-73.84023020075006 40.70418236564273, -73.83003780477371 40.71628853668832, -73.82210750399177 40.71221317539334, -73.81753583135148 40.69786160091576, -73.84023020075006 40.70418236564273))",[66]
59,3,Long Island City,Long,City,142,0.0,Island,Queens,"POLYGON ((-73.94908390786532 40.75231025984464, -73.94062504266751 40.75943775996563, -73.92817594116532 40.75117189150822, -73.93309096760035 40.74515795358476, -73.94329761919744 40.73983692480913, -73.94908390786532 40.75231025984464))","POLYGON ((-73.94908390786532 40.75231025984464, -73.94062504266751 40.75943775996563, -73.92817594116532 40.75117189150822, -73.93309096760035 40.74515795358476, -73.94329761919744 40.73983692480913, -73.94908390786532 40.75231025984464))","[36, 64, 73]"
60,1,Ridgewood,Ridgewood,,146,0.0,,Queens,"POLYGON ((-73.88725212020054 40.69911955287482, -73.90135958717281 40.69302931640097, -73.90734478159219 40.69339902745827, -73.90949747199389 40.69423599438405, -73.92009885261835 40.71897915353611, -73.92009694147828 40.71940171627823, -73.91968776661474 40.71984030691865, -73.91661157001154 40.72230111915761, -73.89229114331705 40.71488160759139, -73.88686284943904 40.70126820785472, -73.88725212020054 40.69911955287482))","POLYGON ((-73.88725212020054 40.69911955287482, -73.90135958717281 40.69302931640097, -73.90734478159219 40.69339902745827, -73.90949747199389 40.69423599438405, -73.92009885261835 40.71897915353611, -73.92009694147828 40.71940171627823, -73.91968776661474 40.71984030691865, -73.91661157001154 40.72230111915761, -73.89229114331705 40.71488160759139, -73.88686284943904 40.70126820785472, -73.88725212020054 40.69911955287482))","[10, 21, 23]"
61,1,Rego Park,Rego Park,,148,0.0,,Queens,"POLYGON ((-73.85560384908469 40.73554923954044, -73.84894650662947 40.73505176537757, -73.85417587527789 40.71623345789271, -73.85739093463732 40.71247183146775, -73.8663586651203 40.71689034103675, -73.87094281318467 40.72540061332887, -73.85560384908469 40.73554923954044))","POLYGON ((-73.85560384908469 40.73554923954044, -73.84894650662947 40.73505176537757, -73.85417587527789 40.71623345789271, -73.85739093463732 40.71247183146775, -73.8663586651203 40.71689034103675, -73.87094281318467 40.72540061332887, -73.85560384908469 40.73554923954044))","[57, 65, 66]"
62,1,Steinway,Steinway,,176,0.0,,Queens,"POLYGON ((-73.90475276011907 40.7646114163323, -73.91618316608549 40.78521417264485, -73.89515268632402 40.79414561476342, -73.88655231718512 40.78931854511844, -73.90475276011907 40.7646114163323))","POLYGON ((-73.90475276011907 40.7646114163323, -73.91618316608549 40.78521417264485, -73.89515268632402 40.79414561476342, -73.88655231718512 40.78931854511844, -73.90475276011907 40.7646114163323))",[55]
64,1,Ravenswood,Ravenswood,,189,0.0,,Queens,"POLYGON ((-73.94062504266751 40.75943775996563, -73.94029924923069 40.76777614943349, -73.92970301637827 40.7793537388288, -73.92034681920505 40.75746051218261, -73.9277902648021 40.75125535498018, -73.92817594116532 40.75117189150822, -73.94062504266751 40.75943775996563))","POLYGON ((-73.94062504266751 40.75943775996563, -73.94029924923069 40.76777614943349, -73.92970301637827 40.7793537388288, -73.92034681920505 40.75746051218261, -73.9277902648021 40.75125535498018, -73.92817594116532 40.75117189150822, -73.94062504266751 40.75943775996563))","[34, 36, 55, 59, 78]"
65,2,Lefrak City,Lefrak,,192,0.0,City,Queens,"POLYGON ((-73.86886496316751 40.7475331879203, -73.85560384908469 40.73554923954044, -73.87094281318467 40.72540061332887, -73.87614693917311 40.73032902688178, -73.86896474505696 40.74756094835664, -73.86886496316751 40.7475331879203))","POLYGON ((-73.86886496316751 40.7475331879203, -73.85560384908469 40.73554923954044, -73.87094281318467 40.72540061332887, -73.87614693917311 40.73032902688178, -73.86896474505696 40.74756094835664, -73.86886496316751 40.7475331879203))",[61]
66,3,Forest Hills Gardens,Forest,Gardens,199,0.0,Hills,Queens,"POLYGON ((-73.85417587527789 40.71623345789271, -73.83276127026468 40.72317464555541, -73.83003780477371 40.71628853668832, -73.84023020075006 40.70418236564273, -73.84697909981247 40.70046082146882, -73.85474123975669 40.70582569379435, -73.85739093463732 40.71247183146775, -73.85417587527789 40.71623345789271))","POLYGON ((-73.85417587527789 40.71623345789271, -73.83276127026468 40.72317464555541, -73.83003780477371 40.71628853668832, -73.84023020075006 40.70418236564273, -73.84697909981247 40.70046082146882, -73.85474123975669 40.70582569379435, -73.85739093463732 40.71247183146775, -73.85417587527789 40.71623345789271))","[57, 58, 61]"
68,2,Carnegie Hill,Carnegie,,250,0.0,Hill,Manhattan,"POLYGON ((-73.95381756172046 40.77600595317312, -73.96375526906242 40.78623593596049, -73.95465694647392 40.79309784750009, -73.94504492075397 40.78398080824471, -73.95381756172046 40.77600595317312))","POLYGON ((-73.95381756172046 40.77600595317312, -73.96375526906242 40.78623593596049, -73.95465694647392 40.79309784750009, -73.94504492075397 40.78398080824471, -73.95381756172046 40.77600595317312))","[32, 33, 34, 50]"
69,1,Noho,Noho,,251,0.0,,Manhattan,"POLYGON ((-73.99240221766179 40.72023876389823, -73.99433437736593 40.72459434036965, -73.9922613253684 40.73107235498061, -73.98969912664124 40.73146469585812, -73.98315783662237 40.72261393402986, -73.98755504489019 40.71653027961553, -73.99240221766179 40.72023876389823))","POLYGON ((-73.99240221766179 40.72023876389823, -73.99433437736593 40.72459434036965, -73.9922613253684 40.73107235498061, -73.98969912664124 40.73146469585812, -73.98315783662237 40.72261393402986, -73.98755504489019 40.71653027961553, -73.99240221766179 40.72023876389823))","[26, 43, 44, 45, 47, 77]"
70,2,Civic Center,Civic,,252,0.0,Center,Manhattan,"POLYGON ((-74.01099827303896 40.71308007629639, -74.01165393916961 40.71535794970598, -74.00557703926063 40.72044499719721, -74.0015784928846 40.71770915020731, -73.99980436119948 40.71419516626027, -73.99965496000895 40.70992375621292, -74.0024850374944 40.70757690446, -74.01099827303896 40.71308007629639))","POLYGON ((-74.01099827303896 40.71308007629639, -74.01165393916961 40.71535794970598, -74.00557703926063 40.72044499719721, -74.0015784928846 40.71770915020731, -73.99980436119948 40.71419516626027, -73.99965496000895 40.70992375621292, -74.0024850374944 40.70757690446, -74.01099827303896 40.71308007629639))","[26, 46, 47, 48, 53, 54]"
71,2,Midtown South,Midtown,,253,0.0,South,Manhattan,"POLYGON ((-73.99704477140192 40.74990935071275, -73.9891400114802 40.75610066031368, -73.98349745029532 40.74967045385784, -73.98361450758088 40.74378829474838, -73.98502040627841 40.74287541936018, -73.99569806926415 40.74557482407683, -73.99704477140192 40.74990935071275))","POLYGON ((-73.99704477140192 40.74990935071275, -73.9891400114802 40.75610066031368, -73.98349745029532 40.74967045385784, -73.98361450758088 40.74378829474838, -73.98502040627841 40.74287541936018, -73.99569806926415 40.74557482407683, -73.99704477140192 40.74990935071275))","[39, 40, 41, 42, 52, 77]"
72,2,Sutton Place,Sutton,,274,0.0,Place,Manhattan,"POLYGON ((-73.97515815928175 40.76573533765731, -73.97253703975387 40.77004465591204, -73.9701810587853 40.76957700925109, -73.95651990264444 40.76138544941205, -73.95537129614505 40.75376616960276, -73.95794586816825 40.75228728190452, -73.97341414649121 40.76008361737514, -73.97515815928175 40.76573533765731))","POLYGON ((-73.97515815928175 40.76573533765731, -73.97253703975387 40.77004465591204, -73.9701810587853 40.76957700925109, -73.95651990264444 40.76138544941205, -73.95537129614505 40.75376616960276, -73.95794586816825 40.75228728190452, -73.97341414649121 40.76008361737514, -73.97515815928175 40.76573533765731))","[33, 35, 36, 38, 40, 73, 74]"
73,2,Hunters Point,Hunters,,275,0.0,Point,Queens,"POLYGON ((-73.95537129614505 40.75376616960276, -73.94908390786532 40.75231025984464, -73.94329761919744 40.73983692480913, -73.94424872211781 40.73653064666704, -73.96388491400762 40.73708513092959, -73.96410335401875 40.73744027653944, -73.96261925662751 40.74479080700735, -73.95794586816825 40.75228728190452, -73.95537129614505 40.75376616960276))","POLYGON ((-73.95537129614505 40.75376616960276, -73.94908390786532 40.75231025984464, -73.94329761919744 40.73983692480913, -73.94424872211781 40.73653064666704, -73.96388491400762 40.73708513092959, -73.96410335401875 40.73744027653944, -73.96261925662751 40.74479080700735, -73.95794586816825 40.75228728190452, -73.95537129614505 40.75376616960276))","[3, 36, 59, 72, 74, 75, 76]"
74,2,Turtle Bay,Turtle,,276,0.0,Bay,Manhattan,"POLYGON ((-73.97449794222454 40.75437129472455, -73.97341414649121 40.76008361737514, -73.95794586816825 40.75228728190452, -73.96261925662751 40.74479080700735, -73.97382886740205 40.75247036295006, -73.97449794222454 40.75437129472455))","POLYGON ((-73.97449794222454 40.75437129472455, -73.97341414649121 40.76008361737514, -73.95794586816825 40.75228728190452, -73.96261925662751 40.74479080700735, -73.97382886740205 40.75247036295006, -73.97449794222454 40.75437129472455))","[40, 41, 72, 73, 75]"
75,2,Tudor City,Tudor,,277,0.0,City,Manhattan,"POLYGON ((-73.97382886740205 40.75247036295006, -73.96261925662751 40.74479080700735, -73.96410335401875 40.73744027653944, -73.97347204856867 40.73910733862112, -73.97593097102711 40.74168001349926, -73.97382886740205 40.75247036295006))","POLYGON ((-73.97382886740205 40.75247036295006, -73.96261925662751 40.74479080700735, -73.96410335401875 40.73744027653944, -73.97347204856867 40.73910733862112, -73.97593097102711 40.74168001349926, -73.97382886740205 40.75247036295006))","[41, 52, 73, 74, 76]"
76,2,Stuyvesant Town,Stuyvesant,,278,0.0,Town,Manhattan,"POLYGON ((-73.97588587736581 40.72358148218808, -73.97924709866953 40.73229639161196, -73.97347204856867 40.73910733862112, -73.96410335401875 40.73744027653944, -73.96388491400762 40.73708513092959, -73.96437832679615 40.72484463841548, -73.96932694262016 40.72018159651986, -73.97588587736581 40.72358148218808))","POLYGON ((-73.97588587736581 40.72358148218808, -73.97924709866953 40.73229639161196, -73.97347204856867 40.73910733862112, -73.96410335401875 40.73744027653944, -73.96388491400762 40.73708513092959, -73.96437832679615 40.72484463841548, -73.96932694262016 40.72018159651986, -73.97588587736581 40.72358148218808))","[3, 24, 44, 45, 52, 73, 75]"
77,1,Flatiron,Flatiron,,279,0.0,,Manhattan,"POLYGON ((-73.99569806926415 40.74557482407683, -73.98502040627841 40.74287541936018, -73.98754899357661 40.73305024915046, -73.98969912664124 40.73146469585812, -73.9922613253684 40.73107235498061, -73.99786225016885 40.73501446081183, -73.99865595593444 40.73732218427612, -73.99569806926415 40.74557482407683))","POLYGON ((-73.99569806926415 40.74557482407683, -73.98502040627841 40.74287541936018, -73.98754899357661 40.73305024915046, -73.98969912664124 40.73146469585812, -73.9922613253684 40.73107235498061, -73.99786225016885 40.73501446081183, -73.99865595593444 40.73732218427612, -73.99569806926415 40.74557482407683))","[42, 43, 44, 49, 52, 69, 71]"
78,2,Sunnyside Gardens,Sunnyside,,280,0.0,Gardens,Queens,"POLYGON ((-73.90946638674586 40.73308238319329, -73.91357859781421 40.72861408306143, -73.9277902648021 40.75125535498018, -73.92034681920505 40.75746051218261, -73.91045913025732 40.75636210578536, -73.90946638674586 40.73308238319329))","POLYGON ((-73.90946638674586 40.73308238319329, -73.91357859781421 40.72861408306143, -73.9277902648021 40.75125535498018, -73.92034681920505 40.75746051218261, -73.91045913025732 40.75636210578536, -73.90946638674586 40.73308238319329))","[55, 64]"
79,1,Weeksville,Weeksville,,284,0.0,,Brooklyn,"POLYGON ((-73.92350458962932 40.68557484949351, -73.92040167818192 40.66946113289031, -73.92198348547328 40.66656625869088, -73.9283217723556 40.66537822188491, -73.93554301005751 40.66878853081312, -73.93880972363543 40.67868800555691, -73.92979234411939 40.68701165351585, -73.92350458962932 40.68557484949351))","POLYGON ((-73.92350458962932 40.68557484949351, -73.92040167818192 40.66946113289031, -73.92198348547328 40.66656625869088, -73.9283217723556 40.66537822188491, -73.93554301005751 40.66878853081312, -73.93880972363543 40.67868800555691, -73.92979234411939 40.68701165351585, -73.92350458962932 40.68557484949351))","[6, 10, 11, 21]"
80,1,Dumbo,Dumbo,,286,0.0,,Brooklyn,"POLYGON ((-73.99217797148667 40.70014620606156, -73.99203808588776 40.70916551183798, -73.98673623807062 40.7115204975773, -73.98507468563365 40.71062756801205, -73.9848262778883 40.69755995533615, -73.98703825134491 40.69661122079827, -73.99217797148667 40.70014620606156))","POLYGON ((-73.99217797148667 40.70014620606156, -73.99203808588776 40.70916551183798, -73.98673623807062 40.7115204975773, -73.98507468563365 40.71062756801205, -73.9848262778883 40.69755995533615, -73.98703825134491 40.69661122079827, -73.99217797148667 40.70014620606156))","[12, 18, 26, 45]"
